id,type,k,s,pad,cin,cout,in_hw,out_hw,params,macs,rf,stride,act,bn,from
0,conv,3,1,1,3,16,416×416,416×416,464,74760192,3,1,leaky,True,
1,maxpool,2,2,,16,16,416×416,208×208,0,0,4,2,,,
2,conv,3,1,1,16,32,208×208,208×208,4672,199360512,8,2,leaky,True,
3,maxpool,2,2,,32,32,208×208,104×104,0,0,10,4,,,
4,conv,3,1,1,32,64,104×104,104×104,18560,199360512,18,4,leaky,True,
5,maxpool,2,2,,64,64,104×104,52×52,0,0,22,8,,,
6,conv,3,1,1,64,128,52×52,52×52,73984,199360512,38,8,leaky,True,
7,maxpool,2,2,,128,128,52×52,26×26,0,0,46,16,,,
8,conv,3,1,1,128,256,26×26,26×26,295424,199360512,78,16,leaky,True,
9,maxpool,2,2,,256,256,26×26,13×13,0,0,94,32,,,
10,conv,3,1,1,256,512,13×13,13×13,1180672,199360512,158,32,leaky,True,
11,maxpool,2,1,,512,512,13×13,13×13,0,0,190,32,,,
12,conv,3,1,1,512,1024,13×13,13×13,4720640,797442048,254,32,leaky,True,
13,conv,3,1,1,1024,1024,13×13,13×13,9439232,1594884096,318,32,leaky,True,
14,conv,1,1,0,1024,125,13×13,13×13,128125,21632000,318,32,linear,False,
15,region,,,,125,125,13×13,13×13,0,0,318,32,,,
