travail,modele,fpga,format,fps,latence_ms,gops,puissance_w,perimetre_puissance,lut,dsp,bram,frequence_mhz,map_voc,source
2023-zhai,"YOLOv3-tiny élagué, 1 module",Zynq XC7Z035,INT16,91.65,,67.91,12.51,unspec.,38228,144,132.5,,,Table 8 (high)
2023-zhai,"YOLOv3-tiny élagué, 2 modules",Zynq XC7Z035,INT16,168.72,,124.01,15.18,unspec.,91108,294,263,,,Table 9 (high)
2024-zhang,"YOLOv2-Tiny 416, lot 1",Kintex-7 325T,INT8,,14.49,406,12.3,"board (puce estimée Vivado 7,8 W)",134900,687,551,,,"Table 3, §5.3 (medium)"
2024-zhang,"YOLOv3-Tiny 416, lot 1",Kintex-7 325T,INT8,,15.2,401,12.3,board,136500,687,553,,,Tables 4-5 (high)
2023-montgomerie-corcoran,YOLOv3-Tiny 416,VCU110,W8A16,,,418.9,15.4,unspec.,,,,,,Table III (medium)
2019-ding,"Tiny-YOLOv2, ADMM hétérogène",Virtex-7 690T,FFT + puissances de 2,314.2,,,21,unspec.,,,,,,Tables 1-2 (high)
2026-fata,YOLOv3-tiny élagué à 70 % (DPU Vitis AI),Kria KV260 (DPU),INT8 QAT,24.3,,60.18,2.13,unspec.,,,,,,Tables 7-10 (medium)
2025-kim,YOLOv2 complet (prototype),Zybo Z7-20,INT16,0.083,12000,,,,,,,,,"§10.4 : ≈ 12 s par image, pas une référence de performance"
ce travail (projection C-sim),Tiny-YOLOv2 VOC 416,Kria KV260 (XCK26),"INT8 (W8A8, par canal)",26.87,37.2,187.3,,à mesurer,,,,200,55.66,"tools/perf_model.py (accélérateur seul, ports 64 bits, trim, requant ×8, pliage L00, tuiles 14 poolées) ; ressources après synthèse"
ce travail (projection C-sim),Tiny-YOLOv3 COCO 416,Kria KV260 (XCK26),"INT8 (W8A8, par canal)",27.72,36.1,154.3,,à mesurer,,,,200,,"tools/perf_model.py (accélérateur seul, ports 64 bits, trim, requant ×8, pliage L00, tuiles 14 poolées) ; ressources après synthèse"
